

INSERT INTO predmet (predmetid, godina, naziv)
VALUES (2, 2, ' Hrvatski jezik');
INSERT INTO predmet (predmetid, godina, naziv)
VALUES (3, 3, ' Hrvatski jezik');
INSERT INTO predmet (predmetid, godina, naziv)
VALUES (4, 4, ' Hrvatski jezik');
INSERT INTO predmet (predmetid, godina, naziv)
VALUES (5, 1, 'Engleski jezik');
INSERT INTO predmet (predmetid, godina, naziv)
VALUES (6, 2, 'Engleski jezik');
INSERT INTO predmet (predmetid, godina, naziv)
VALUES (7, 3, 'Engleski jezik');
INSERT INTO predmet (predmetid, godina, naziv)
VALUES (8, 4, 'Engleski jezik');
INSERT INTO predmet (predmetid, godina, naziv)
VALUES (9, 1, 'Njemački jezik');

INSERT INTO grad (gradid, naziv, drzava, postanskibroj)
VALUES (2, 'Zagreb', 'Hrvatska', 10000);
INSERT INTO grad (gradid, naziv, drzava, postanskibroj)
VALUES (3, 'Split', 'Hrvatska', 21000);
INSERT INTO grad (gradid, naziv, drzava, postanskibroj)
VALUES (4, 'Skradin', 'Hrvatska', 22222);
INSERT INTO grad (gradid, naziv, drzava, postanskibroj)
VALUES (1, 'Sibenik', 'Hrvatska', 22000);


INSERT INTO adresa (adresaid, nazivulice, kucnibroj, gradid)
VALUES (1, 'Dr. Franje Tudmana', 57, 2);
INSERT INTO adresa (adresaid, nazivulice, kucnibroj, gradid)
VALUES (2, 'Jarunska ulica 2', 2, 2);
INSERT INTO adresa (adresaid, nazivulice, kucnibroj, gradid)
VALUES (3, 'Abramoviceva ulica', 3, 2);
INSERT INTO adresa (adresaid, nazivulice, kucnibroj, gradid)
VALUES (4, 'Albaharijeva ulica', 213, 2);
INSERT INTO adresa (adresaid, nazivulice, kucnibroj, gradid)
VALUES (5, 'Banjolska ulica', 21, 2);
INSERT INTO adresa (adresaid, nazivulice, kucnibroj, gradid)
VALUES (6, 'Cvekov put', 1, 2);
INSERT INTO adresa (adresaid, nazivulice, kucnibroj, gradid)
VALUES (7, 'Odranska ulica', 5, 2);
INSERT INTO adresa (adresaid, nazivulice, kucnibroj, gradid)
VALUES (8, 'Cvjetna cesta', 11, 2);
INSERT INTO adresa (adresaid, nazivulice, kucnibroj, gradid)
VALUES (9, 'Donje Svetice', 87, 2);
INSERT INTO adresa (adresaid, nazivulice, kucnibroj, gradid)
VALUES (10, 'Ferkovici', 11, 2);


INSERT INTO korisnik (korisnikid, username, sifra, ime, prezime, oib, brojmobitela)
VALUES (1, 'ivo.ivic@skola1.hr', '12345678', 'Ivo', 'Ivic', '11111111112', '0991231233');
INSERT INTO korisnik (korisnikid, username, sifra, ime, prezime, oib, brojmobitela)
VALUES (2, 'jure.juric@skola1.hr', '12345678', 'Jure', 'Juric', '11111111113', '0991231232');
INSERT INTO korisnik (korisnikid, username, sifra, ime, prezime, oib, brojmobitela)
VALUES (4, 'ana.anic@skola1.hr', '12345678', 'Ana', 'Anic', '11111111114', '0991231212');
INSERT INTO korisnik (korisnikid, username, sifra, ime, prezime, oib, brojmobitela)
VALUES (5, 'marta.martic@skola1.hr', '12345678', 'Marta', 'Martic', '11111111115', '0991231235');
INSERT INTO korisnik (korisnikid, username, sifra, ime, prezime, oib, brojmobitela)
VALUES (6, 'ivana.ivic@skola1.hr', '12345678', 'Ivana', 'Ivic', '11111111116', '0991231276');
INSERT INTO korisnik (korisnikid, username, sifra, ime, prezime, oib, brojmobitela)
VALUES (7, 'karla.karlic@skola1.hr', '12345678', 'Karla', 'Karlic', '11111111117', '0991239877');
INSERT INTO korisnik (korisnikid, username, sifra, ime, prezime, oib, brojmobitela)
VALUES (8, 'zorica.zoric@skola1.hr', '12345678', 'Zorica', 'Zoric', '11111111118', '0991298760');
INSERT INTO korisnik (korisnikid, username, sifra, ime, prezime, oib, brojmobitela)
VALUES (9, 'krsto.krstic@skola1.hr', '12345678', 'Krsto', 'Krstic', '11111111119', '0991231459');
INSERT INTO korisnik (korisnikid, username, sifra, ime, prezime, oib, brojmobitela)
VALUES (10, 'stipe.stipic@skola1.hr', '12345678', 'Stipe', 'Stipic', '11111111120', '0991245675');
INSERT INTO korisnik (korisnikid, username, sifra, ime, prezime, oib, brojmobitela)
VALUES (11, 'iztok.tir@skola1.hr', '12345678', 'Iztok', 'Tir', '11111111121', '0991245671');
INSERT INTO korisnik (korisnikid, username, sifra, ime, prezime, oib, brojmobitela)
VALUES (12, 'lejla.ćušković@skola1.hr', '12345678', 'Lejla', 'Ćušković', '11111111122', '0991245672');
INSERT INTO korisnik (korisnikid, username, sifra, ime, prezime, oib, brojmobitela)
VALUES (13, 'arber.tisaj@skola1.hr', '12345678', 'Arber', 'Tisaj', '11111111123', '0991245673');
INSERT INTO korisnik (korisnikid, username, sifra, ime, prezime, oib, brojmobitela)
VALUES (14, 'njegomir.hodinj@skola1.hr', '12345678', 'Njegomir', 'Hodinj', '11111111124', '0991245674');
INSERT INTO korisnik (korisnikid, username, sifra, ime, prezime, oib, brojmobitela)
VALUES (15, 'lea.srebrović@skola1.hr', '12345678', 'Lea', 'Srebrović', '11111111125', '0991245676');
INSERT INTO korisnik (korisnikid, username, sifra, ime, prezime, oib, brojmobitela)
VALUES (16, 'dario.hlača@skola1.hr', '12345678', 'Dario', 'Hlača', '11111111126', '0991245677');
INSERT INTO korisnik (korisnikid, username, sifra, ime, prezime, oib, brojmobitela)
VALUES (17, 'zdenka.atlaga@skola1.hr', '12345678', 'Zdenka', 'Atlaga', '11111111127', '0991245678');
INSERT INTO korisnik (korisnikid, username, sifra, ime, prezime, oib, brojmobitela)
VALUES (18, 'ljubodrag.seketin@skola1.hr', '12345678', 'Ljubodrag', 'Seketin', '11111111128', '0991245679');
INSERT INTO korisnik (korisnikid, username, sifra, ime, prezime, oib, brojmobitela)
VALUES (19, 'visko.dolovski@skola1.hr', '12345678', 'Visko', 'Dolovski', '11111111129', '0991245610');
INSERT INTO korisnik (korisnikid, username, sifra, ime, prezime, oib, brojmobitela)
VALUES (21, 'elvisa.kemenc@skola1.hr', '12345678', 'Elvisa', 'Kemenc', '11111111131', '0991245611');
INSERT INTO korisnik (korisnikid, username, sifra, ime, prezime, oib, brojmobitela)
VALUES (22, 'ruzarijo.mati@skola1.hr', '12345678', 'Ruzarijo', 'Mati', '11111111132', '0991245612');
INSERT INTO korisnik (korisnikid, username, sifra, ime, prezime, oib, brojmobitela)
VALUES (23, 'rene.jembri@skola1.hr', '12345678', 'Rene', 'Jembri', '11111111133', '0991245613');
INSERT INTO korisnik (korisnikid, username, sifra, ime, prezime, oib, brojmobitela)
VALUES (20, 'đeno.jermelić@skola1.hr', '12345678', 'Đeno', 'Jermelić', '11111111130', '0981231233');

INSERT INTO public.razred (razredid, godina, odjeljenje)
VALUES (1, 1, 'a');

INSERT INTO ucenik (korisnikid, razredid)
VALUES (1, 1);
INSERT INTO ucenik (korisnikid, razredid)
VALUES (2, 1);
INSERT INTO ucenik (korisnikid, razredid)
VALUES (4, 1);
INSERT INTO ucenik (korisnikid, razredid)
VALUES (5, 1);
INSERT INTO ucenik (korisnikid, razredid)
VALUES (22, 1);
INSERT INTO ucenik (korisnikid, razredid)
VALUES (21, 1);
INSERT INTO ucenik (korisnikid, razredid)
VALUES (23, 1);

INSERT INTO profesor (titula, zavrsenifakultet, korisnikid)
VALUES ('Magistar edukacije hrvatskoga jezika i književnosti', 'Sveučilište u Zagrebu', 9);
INSERT INTO profesor (titula, zavrsenifakultet, korisnikid)
VALUES ('Magistar edukacije fizike', 'Sveučilište u Zagrebu', 10);
INSERT INTO profesor (titula, zavrsenifakultet, korisnikid)
VALUES ('Magistar kineziologije', 'Sveučilište u Zagrebu', 11);
INSERT INTO profesor (titula, zavrsenifakultet, korisnikid)
VALUES ('Magistar edukacije engleskoga jezika i književnosti', 'Sveučilište u Zagrebu', 9);
INSERT INTO profesor (titula, zavrsenifakultet, korisnikid)
VALUES ('Magistar edukacije njemačkoga jezika i književnosti', 'Sveučilište u Zagrebu', 12);
INSERT INTO profesor (titula, zavrsenifakultet, korisnikid)
VALUES ('Magistar edukacije latinskoga jezika i književnosti', 'Sveučilište u Zagrebu', 13);
INSERT INTO profesor (titula, zavrsenifakultet, korisnikid)
VALUES ('Magistar edukacije matematike', 'Sveučilište u Zagrebu', 14);
INSERT INTO profesor (titula, zavrsenifakultet, korisnikid)
VALUES ('Magistar edukacije informatike', 'Sveučilište u Zagrebu', 15);
INSERT INTO profesor (titula, zavrsenifakultet, korisnikid)
VALUES ('Magistar edukacije biologije', 'Sveučilište u Zagrebu', 16);
INSERT INTO profesor (titula, zavrsenifakultet, korisnikid)
VALUES ('Magistar edukacije kemije', 'Sveučilište u Zagrebu', 16);
INSERT INTO profesor (titula, zavrsenifakultet, korisnikid)
VALUES ('Magistar edukacije povijesti', 'Sveučilište u Zagrebu', 17);
INSERT INTO profesor (titula, zavrsenifakultet, korisnikid)
VALUES ('Magistar edukacije geografije', 'Sveučilište u Zagrebu', 17);
INSERT INTO profesor (titula, zavrsenifakultet, korisnikid)
VALUES ('Magistar glazbene kulture', 'Sveučilište u Zagrebu', 18);
INSERT INTO profesor (titula, zavrsenifakultet, korisnikid)
VALUES ('Magistar edukacije likovne kulture', 'Sveučilište u Zagrebu', 19);
INSERT INTO profesor (titula, zavrsenifakultet, korisnikid)
VALUES ('FRA', 'Sveučilište u Zagrebu', 20);


INSERT INTO predaje (korisnikid, razredid, predmetid)
VALUES (9, 1, 2);
INSERT INTO predaje (korisnikid, razredid, predmetid)
VALUES (9, 1, 5);
INSERT INTO predaje (korisnikid, razredid, predmetid)
VALUES (12, 1, 9);




INSERT INTO piše (ocjena, napomena, korisnikid, ispitid, predmetid)
VALUES (3, 'Napomena', 4, 1, 2);
INSERT INTO piše (ocjena, napomena, korisnikid, ispitid, predmetid)
VALUES (2, 'Napomena', 5, 1, 2);
INSERT INTO piše (ocjena, napomena, korisnikid, ispitid, predmetid)
VALUES (4, 'Napomena', 21, 1, 2);
INSERT INTO piše (ocjena, napomena, korisnikid, ispitid, predmetid)
VALUES (1, 'Napomena', 22, 1, 2);
INSERT INTO piše (ocjena, napomena, korisnikid, ispitid, predmetid)
VALUES (2, 'Napomena', 23, 1, 2);
INSERT INTO piše (ocjena, napomena, korisnikid, ispitid, predmetid)
VALUES (5, 'Napomena', 1, 1, 5);


INSERT INTO izostanak (datum, vrsta, napomena, izostanakid, napomenaroditelja, korisnikid, predmetid)
VALUES ('2023-04-06', 'Neopravdani izostanak', 'Ucenik se nije pojavio na satu', 1, null, 1, 2);
INSERT INTO izostanak (datum, vrsta, napomena, izostanakid, napomenaroditelja, korisnikid, predmetid)
VALUES ('2023-04-05', 'Neopravdani izostanak', 'Ucenik se nije pojavio na satu', 2, null, 1, 2);
INSERT INTO izostanak (datum, vrsta, napomena, izostanakid, napomenaroditelja, korisnikid, predmetid)
VALUES ('2023-04-06', 'Opravdani izostanak', 'Ucenik se nije pojavio na satu', 3, 'Ucenik je bio u domu zdravlja', 2, 2);


INSERT INTO ispit (ispitid, napomena, datum, vrsta, predmetid)
VALUES (1, 'Provjera znanja iz gramatike', '2023-04-14', 'Pismeni ispit', 2);
INSERT INTO ispit (ispitid, napomena, datum, vrsta, predmetid)
VALUES (1, 'Usmena provjera komunikacije', '2023-04-06', 'Usmeni ispit', 5);